conversation_id,person_id,text,time
team_meeting,Alice,Good morning everyone! Let's start our weekly standup.,2025-01-15 09:00:00
team_meeting,Bob,Morning Alice! I've completed the user authentication module.,2025-01-15 09:00:30
team_meeting,Charlie,Great work Bob! I've been working on the database optimization.,2025-01-15 09:01:00
team_meeting,Diana,I've finished the frontend components for the dashboard.,2025-01-15 09:01:30
team_meeting,Alice,Excellent progress everyone! Any blockers or issues?,2025-01-15 09:02:00
team_meeting,Bob,I need help with the API documentation. It's taking longer than expected.,2025-01-15 09:02:30
team_meeting,Charlie,I can help with that after I finish the database work.,2025-01-15 09:03:00
team_meeting,Diana,I have experience with API docs. We can pair program on it.,2025-01-15 09:03:30
team_meeting,Alice,That sounds like a good plan. What about testing?,2025-01-15 09:04:00
team_meeting,Bob,I've written unit tests for the auth module. Coverage is at 85%.,2025-01-15 09:04:30
team_meeting,Charlie,Database tests are ready too. All passing so far.,2025-01-15 09:05:00
team_meeting,Diana,I'll add integration tests for the frontend components today.,2025-01-15 09:05:30
team_meeting,Alice,Perfect! Let's discuss the upcoming deployment.,2025-01-15 09:06:00
team_meeting,Bob,I think we're ready for staging deployment by Friday.,2025-01-15 09:06:30
team_meeting,Charlie,Agreed. The database migration scripts are prepared.,2025-01-15 09:07:00
team_meeting,Diana,Frontend build is optimized and ready for production.,2025-01-15 09:07:30
team_meeting,Alice,Great! Any concerns about the timeline?,2025-01-15 09:08:00
team_meeting,Bob,The API documentation might need an extra day.,2025-01-15 09:08:30
team_meeting,Charlie,That's fine. Better to have good documentation than rush it.,2025-01-15 09:09:00
team_meeting,Diana,I agree. Quality over speed.,2025-01-15 09:09:30
team_meeting,Alice,Sounds good. Let's plan for Monday deployment then.,2025-01-15 09:10:00
team_meeting,Bob,Perfect. I'll update the project timeline.,2025-01-15 09:10:30
team_meeting,Charlie,I'll prepare the deployment checklist.,2025-01-15 09:11:00
team_meeting,Diana,I'll coordinate with the QA team for final testing.,2025-01-15 09:11:30
team_meeting,Alice,Excellent teamwork everyone! Thanks for the productive meeting.,2025-01-15 09:12:00
design_review,Sarah,Let's review the new user interface designs.,2025-01-15 14:00:00
design_review,Mike,I've prepared the mockups for the dashboard redesign.,2025-01-15 14:00:30
design_review,Sarah,The layout looks clean and intuitive. Good work!,2025-01-15 14:01:00
design_review,Lisa,I love the color scheme. It's very professional.,2025-01-15 14:01:30
design_review,Mike,Thanks! I focused on accessibility and user experience.,2025-01-15 14:02:00
design_review,Sarah,How does it work on mobile devices?,2025-01-15 14:02:30
design_review,Mike,It's fully responsive. Let me show you the mobile version.,2025-01-15 14:03:00
design_review,Lisa,The navigation is much cleaner on mobile now.,2025-01-15 14:03:30
design_review,Sarah,What about the user feedback from the last iteration?,2025-01-15 14:04:00
design_review,Mike,I incorporated most of the suggestions. The search is now more prominent.,2025-01-15 14:04:30
design_review,Lisa,The users will appreciate the improved search functionality.,2025-01-15 14:05:00
design_review,Sarah,Any technical constraints we should consider?,2025-01-15 14:05:30
design_review,Mike,The development team confirmed all designs are feasible.,2025-01-15 14:06:00
design_review,Lisa,How long will the implementation take?,2025-01-15 14:06:30
design_review,Mike,Development estimated 2 weeks for the complete redesign.,2025-01-15 14:07:00
design_review,Sarah,That fits our timeline perfectly. Great work Mike!,2025-01-15 14:07:30
design_review,Lisa,Looking forward to seeing this in production.,2025-01-15 14:08:00
design_review,Mike,Thanks for the feedback! I'll prepare the final specifications.,2025-01-15 14:08:30
brainstorm,Emma,I'd like to brainstorm ideas for our next product feature.,2025-01-15 16:00:00
brainstorm,Tom,What about adding AI-powered recommendations?,2025-01-15 16:00:30
brainstorm,Emma,That's interesting! How would that work?,2025-01-15 16:01:00
brainstorm,Kate,We could analyze user behavior to suggest relevant content.,2025-01-15 16:01:30
brainstorm,Tom,Exactly! Machine learning could help personalize the experience.,2025-01-15 16:02:00
brainstorm,Emma,What about privacy concerns with user data?,2025-01-15 16:02:30
brainstorm,Kate,We can implement privacy-first recommendations using local processing.,2025-01-15 16:03:00
brainstorm,Tom,That's a great approach. Keeps data secure while providing value.,2025-01-15 16:03:30
brainstorm,Emma,How complex would this be to implement?,2025-01-15 16:04:00
brainstorm,Kate,We could start with simple rule-based recommendations.,2025-01-15 16:04:30
brainstorm,Tom,Then gradually add more sophisticated ML models.,2025-01-15 16:05:00
brainstorm,Emma,I like the phased approach. What would be the first phase?,2025-01-15 16:05:30
brainstorm,Kate,Popular content recommendations based on category preferences.,2025-01-15 16:06:00
brainstorm,Tom,We could also add collaborative filtering for similar users.,2025-01-15 16:06:30
brainstorm,Emma,These are all great ideas! Let's prioritize them.,2025-01-15 16:07:00
brainstorm,Kate,I think we should start with the privacy-first approach.,2025-01-15 16:07:30
brainstorm,Tom,Agreed. Privacy should be our top priority.,2025-01-15 16:08:00
brainstorm,Emma,Perfect! I'll create a project proposal based on our discussion.,2025-01-15 16:08:30